dataset,model,eval_metrics/MSE[mean],eval_metrics/MAE[mean],eval_metrics/MASE[mean],eval_metrics/MAPE[mean],eval_metrics/sMAPE[mean],eval_metrics/RMSE[mean],eval_metrics/NRMSE[mean],eval_metrics/ND[mean],domain,num_variates
saugeen/M/short,metaarima,319.2557373046875,12.280218760172525,0.716799456398212,0.4604317347208659,0.38599427541097003,17.867728935281267,0.5697672056342221,0.3915923480204906,Nature,1
us_births/M/short,metaarima,59586821.333333336,6969.908854166667,0.7784623083766767,0.022041137019793194,0.021745691696802776,7719.250049929289,0.024292125612548447,0.021933983262400113,Healthcare,1
hospital/M/short,metaarima,3233.997492050824,18.813562473283028,0.7765475466715093,0.1968253018145896,0.17661090739320692,56.86824678193292,0.20644494143111397,0.06829760055380249,Healthcare,1
